Product ID,Product Name,Category,Baseline Weight (g),Baseline Print Time (hrs),Selling Price,Discounted Price,Short Description,Long Description,image,isNew
GMK-FIT-081,Mr Olympia-Style Bodybuilder Statue,fitness,200,20,2200,,"Detailed 3D printed Mr Olympia-style bodybuilder statue.","Premium 3D printed bodybuilder statue capturing a classic Mr Olympia stage pose with exceptional muscle detail. Ideal for gyms, desks and display.",,true
GMK-FIT-082,Bodybuilder Competition Figure,fitness,225,13.5,2000,,"3D printed bodybuilding competition posing figure.","High-detail 3D printed bodybuilder competition figure showing a full stage pose. A great gift for athletes and coaches.",,true
GMK-FIT-083,Ultimate Body Trophy,fitness,440,10,2900,,"3D printed muscle trophy figure on a tiered base.","High-quality 3D printed bodybuilder trophy figure crafted with exceptional detail and a premium finish. Perfect for competitions, gyms and awards.",/images/products/fitness/ultimate-body-trophy.png,true
GMK-FIT-084,Trofeo Bodybuilding Men's Physique,fitness,260,8,1900,,"3D printed champion physique trophy figure.","Premium 3D printed champion trophy figure designed to celebrate dedication, discipline and true champions. Ideal for competitions, events and gyms.",/images/products/fitness/champion-trophy-figure.png,true
GMK-FIT-085,Nick Walker - Bodybuilder Figure,fitness,180,8,1500,,"3D printed muscle pose bodybuilder figure.","High-quality 3D printed bodybuilder figure with superior detailing and a smooth matte finish. Perfect for display, gifting and collection.",/images/products/fitness/muscle-pose-figure.png,true
GMK-FIT-086,Bodybuilder Torso Pen Holder,fitness,260,14,2000,,"3D printed muscle torso pen holder / desk organizer.","High-quality 3D printed muscle torso with exceptional detail and a smooth finish. Doubles as a bold desk pen holder or display piece.",/images/products/fitness/muscle-torso.png,true
GMK-FIT-087,Jay Cutler Bodybuilder Figure,fitness,200,14,1900,,"3D printed Jay Cutler bodybuilder statue.","High-quality 3D printed bodybuilder statue with exceptional detail and a bronze, metallic finish. A meaningful gift for bodybuilders and fitness champions.",/images/products/fitness/jay-cutler-statue.png,true
GMK-FIT-088,Bodybuilder Pose Figure,fitness,200,14,1900,,"3D printed bodybuilder pose figure (Train Hard Stay Humble).","High-quality 3D printed bodybuilder figure with a professional matte finish, designed for those who live the lifestyle and inspire others.",/images/products/fitness/bodybuilder-pose-figure.png,true
GMK-FIT-089,Female Bodybuilder Sculpture,fitness,185,11.5,1700,,"3D printed female bodybuilder sculpture.","High-detail 3D printed female bodybuilder sculpture celebrating strength and dedication. Perfect for display and gifting.",,true
GMK-FIT-090,Go to Gym - Motivational Desk Statue,fitness,325,17.5,2500,,"3D printed motivational gym desk statue.","Premium 3D printed motivational desk statue to keep you focused on your fitness goals. A strong, detailed display piece for desks and gyms.",,true
GMK-FIT-091,Gym Lion Trophy,fitness,460,14,3000,,"3D printed muscular gym lion trophy.","Bold 3D printed muscular lion trophy — a powerful symbol of strength and discipline for gyms, desks and award collections.",,true
GMK-FIT-092,Bodybuilding - Kneeling Champion,fitness,200,14,1900,,"3D printed kneeling champion muscle pose figure.","High-quality 3D printed kneeling bodybuilder figure with exceptional detail and a smooth finish. Ideal for collection, decoration and motivation.",/images/products/fitness/muscle-pose-kneeling.png,true
GMK-FIT-093,Custom Gym Weight Plate Keychain,fitness,115,8.5,1000,,"Fully customizable 3D printed weight plate keychain (name, text, colors).","Custom 3D printed weight plate keychains — add your name, quote, weight or gym logo in multiple colors. Standard, personalized and bulk options available.",/images/products/fitness/gym-keychains-custom.png,true
GMK-FIT-094,Weight Plate Keychain - No Pain No Gain,fitness,7,0.6,65,,"3D printed No Pain No Gain weight plate keychain.","High-quality 3D printed motivational keychain with bold raised lettering and a smooth premium finish. Lightweight, compact and built to last.",/images/products/fitness/no-pain-no-gain-keychain.png,true
GMK-FIT-095,The Gym Clutch - Complete Set,fitness,380,21,2950,,"3D printed all-in-one gym clutch / accessory set.","A complete 3D printed gym clutch set with everything you need, printed with premium material for long-lasting strength.",,true
GMK-FIT-096,Push Up Bars - Home Gym,fitness,195,12.5,1600,,"3D printed push up bars for home workouts.","Sturdy 3D printed push up bars designed for home gym workouts, printed with strong material for reliable everyday performance.",,true
GMK-FIT-097,Custom Weight Plate / Anilha,fitness,25,2.5,250,,"3D printed custom mini weight plate.","3D printed custom weight plate (anilha) — a fun, customizable fitness accessory or display piece.",,true
GMK-FIT-098,Portable Pull-Up System (Door Frame),fitness,305,21.5,2600,,"3D printed portable door-frame pull-up system.","3D printed portable pull-up system that mounts on a door frame, printed with strong, durable material for everyday training.",,true
GMK-FIT-099,Baki Hanma Calisthenics Pose,fitness,65,6.5,650,,"3D printed Baki Hanma calisthenics pose figure.","High-detail 3D printed calisthenics pose figure inspired by Baki Hanma. A striking display piece for fans and fitness lovers.",,true
GMK-FIT-100,Protein Shaker Fidget Keychain,fitness,7,0.9,80,,"3D printed protein shaker fidget keychain.","Fun 3D printed protein shaker fidget keychain — lightweight, compact and perfect for gym lovers on the go.",,true
GMK-FIT-101,Dumbbell Keychain (Print-in-Place),fitness,10,1,100,,"3D printed print-in-place dumbbell keychain.","Print-in-place 3D printed dumbbell keychain — a lightweight, durable everyday-carry accessory for fitness enthusiasts.",,true
GMK-FIT-102,Creatine / Measuring Scoop,fitness,90,3.4,620,,"3D printed creatine measuring scoop.","3D printed measuring scoop for creatine and supplements, printed with clean, functional detail.",,true
GMK-FIT-103,Gym Squat Man Figure / Trophy,fitness,180,10,1400,,"3D printed squatting gym man figure / trophy.","High-detail 3D printed squat-pose gym figure that works as a display piece or trophy for lifters and coaches.",,true
GMK-FIT-104,Slide-to-Dose Protein Powder Scoop,fitness,25,1.5,200,,"3D printed slide-to-dose protein powder scoop.","Practical 3D printed slide-to-dose protein powder scoop for quick, mess-free measuring.",,true
GMK-FIT-105,Fitness-Themed Wall Clock,fitness,95,3.5,650,,"3D printed fitness-themed wall clock (excl. movement).","3D printed fitness-themed wall clock face. Price excludes the watch movement/mechanism — see notes.",,true
